CardNumber,ExpirationDate,Name
4556828904412461,08/09/20242,Rachel
4556736585633281,01/05/2024,Renee!
4485159003374139,04/18/2022,Jack
4024007141344092,02/27/2023,Vivian
5142181346315803,08/26/2025,Hanna
5320104455333356,04/06/2021,Lyn
5299094883676191,07/11/2023,Hank
5116866011088030,08/07/2025,Xiao
5221982097024036,10/11/2024,Ben
5572373659951402,07/09/2024,Alex
340963001469582,12/21/2026,Caspar
346918733690636,11/05/2023,Evan
348424600931250,09/16/2021,Ethan
344921605237314,10/02/2022,Cody
342203970468689,01/23/2024,David
6011289819386826,05/01/2023,Duke
6011079674290814,05/30/2025,Jacob
6011078544932302,07/12/2024,Jay
6011142152748129,08/22/2026,Rex
60112645143243270329932,12/03/2022,Tim
